PassengerId,Survived,Pclass,Sex,Age,SibSp,Parch,Fare,Embarked_Q,Embarked_S
1,0,3,0,0.2711736617240512,1,0,0.014151057562208049,False,True
2,1,1,1,0.4722292033174164,1,0,0.13913573538264068,False,False
3,1,3,1,0.32143754712239253,0,0,0.015468569817999833,False,True
4,1,1,1,0.4345312892686604,1,0,0.10364429745562033,False,True
5,0,3,0,0.4345312892686604,0,0,0.015712553569072387,False,True
6,0,3,0,,0,0,0.01650950209357577,True,False
7,0,1,0,0.6732847449107816,0,0,0.10122885832000206,False,True
8,0,3,0,0.01985423473234481,3,1,0.04113566043083236,False,True
9,1,3,1,0.33400351847197784,0,2,0.021730754366528396,False,True
10,1,2,1,0.17064589092736868,1,0,0.058694292654020104,False,False
11,1,3,1,0.04498617743151546,1,1,0.03259622914329302,False,True
12,1,1,1,0.723548630309123,0,0,0.051822148727810165,False,True
13,0,3,0,0.24604171902488062,0,0,0.015712553569072387,False,True
14,0,3,0,0.4847951746670017,1,5,0.06104473451835265,False,True
15,0,3,1,0.17064589092736868,0,0,0.015330377421392339,False,True
16,1,2,1,0.685850716260367,0,0,0.03122992013728673,False,True
17,0,3,0,0.01985423473234481,4,1,0.05684821399990475,True,False
18,1,2,0,,0,0,0.025374310111545468,False,True
19,0,3,1,0.38426740387031916,1,0,0.03513366015444757,False,True
20,1,3,1,,0,0,0.014102260811993537,False,False
21,0,2,0,0.4345312892686604,0,0,0.050748620223090936,False,True
22,1,2,0,0.4219653179190751,0,0,0.025374310111545468,False,True
23,1,3,1,0.18321186227695402,0,0,0.015671954672893913,True,False
24,1,1,0,0.34656948982156316,0,0,0.06929138530460494,False,True
25,0,3,1,0.09525006282985675,3,1,0.04113566043083236,False,True
26,1,3,1,0.4722292033174164,1,5,0.06126431989431795,False,True
27,0,3,0,,0,0,0.014102260811993537,False,False
28,0,1,0,0.2334757476752953,3,2,0.5133418122566507,False,True
29,1,3,1,,0,0,0.01537917417160685,True,False
30,0,3,0,,0,0,0.015411575213749286,False,True
31,0,1,0,0.49736114601658704,0,0,0.05410739813385612,False,False
32,1,1,1,,1,0,0.2859895551532101,False,False
33,1,3,1,,0,0,0.015126992566498259,True,False
34,0,2,0,0.8240764011058055,0,0,0.020494635090094415,False,True
35,0,1,0,0.34656948982156316,1,0,0.16038672010106003,False,False
36,0,1,0,0.5224930887157577,1,0,0.10149724044618187,False,True
37,1,3,0,,0,0,0.014110458666029575,False,False
38,0,3,0,0.2586076903744659,0,0,0.015712553569072387,False,True
39,0,3,1,0.22090977632571,2,0,0.03513366015444757,False,True
40,1,3,1,0.17064589092736868,1,0,0.021942337075458514,False,False
41,0,3,1,0.49736114601658704,1,0,0.018493968331299484,False,True
42,0,2,1,0.33400351847197784,1,0,0.04098927018018883,False,True
43,0,3,0,,0,0,0.015411575213749286,False,False
44,1,2,1,0.032420206081930136,1,2,0.08115719346076702,False,False
45,1,3,1,0.2334757476752953,0,0,0.01537917417160685,True,False
46,0,3,0,,0,0,0.015712553569072387,False,True
47,0,3,0,,1,0,0.030253985132996517,True,False
48,1,3,1,,0,0,0.015126992566498259,True,False
49,0,3,0,,2,0,0.04231498029001666,False,False
50,0,3,1,0.22090977632571,1,0,0.034743286152731485,False,True
51,0,3,0,0.08268409148027142,4,1,0.07746484096553544,False,True
52,0,3,0,0.2586076903744659,0,0,0.01522458606692728,False,True
53,1,1,1,0.610454888162855,1,0,0.1497654242623688,False,False
54,1,2,1,0.35913546117114853,1,0,0.050748620223090936,False,True
55,0,1,0,0.8115104297562202,0,1,0.1209753416358076,False,False
56,1,1,0,,0,0,0.06929138530460494,False,True
57,1,2,1,0.2586076903744659,0,0,0.020494635090094415,False,True
58,0,3,0,0.35285247549635584,0,0,0.014110458666029575,False,False
59,1,2,1,0.05755214878110078,1,2,0.05416439273810667,False,True
60,0,3,0,0.1329479768786127,5,2,0.09154270340242172,False,True
61,0,3,0,0.2711736617240512,0,0,0.014110458666029575,False,False
62,1,1,1,0.4722292033174164,0,0,0.15614960068643363,False,False
63,0,1,0,0.5601910027645137,1,0,0.16293234896625058,False,True
64,0,3,0,0.04498617743151546,3,2,0.05445717323939373,False,True
65,0,1,0,,0,0,0.05410739813385612,False,False
66,1,3,0,,1,1,0.029757819776815374,False,False
67,1,2,1,0.35913546117114853,0,0,0.020494635090094415,False,True
68,0,3,0,0.2334757476752953,0,0,0.015923941091001644,False,True
69,1,3,1,0.20834380497612465,4,2,0.015468569817999833,False,True
70,0,3,0,0.32143754712239253,2,0,0.016908073949327893,False,True
71,0,2,0,0.39683337521990447,0,0,0.020494635090094415,False,True
72,0,3,1,0.19577783362653933,5,2,0.09154270340242172,False,True
73,0,2,0,0.2586076903744659,0,0,0.1434624456306609,False,True
74,0,3,0,0.32143754712239253,1,0,0.028212719478023115,False,False
75,1,3,0,0.39683337521990447,0,0,0.11027245763075773,False,True
76,0,3,0,0.3088715757728072,0,0,0.014931805565640218,False,True
77,0,3,0,,0,0,0.015411575213749286,False,True
78,0,3,0,,0,0,0.015712553569072387,False,True
79,1,2,0,0.005152048253329982,0,2,0.056604230248832196,False,True
80,1,3,1,0.37170143252073384,0,0,0.024349578357040744,False,True
81,0,3,0,0.2711736617240512,0,0,0.017566830077223785,False,True
82,1,3,0,0.35913546117114853,0,0,0.018542765081513996,False,True
83,1,3,1,,0,0,0.015200187691820024,True,False
84,0,1,0,0.34656948982156316,0,0,0.09193307740413781,False,True
85,1,2,1,0.20834380497612465,0,0,0.020494635090094415,False,True
86,1,3,1,0.4093993465694898,3,0,0.030937139635999665,False,True
87,0,3,0,0.19577783362653933,1,3,0.06709553154495196,False,True
88,0,3,0,,0,0,0.015712553569072387,False,True
89,1,1,1,0.2837396330736366,3,2,0.5133418122566507,False,True
90,0,3,0,0.2963056044232219,0,0,0.015712553569072387,False,True
91,0,3,0,0.35913546117114853,0,0,0.015712553569072387,False,True
92,0,3,0,0.24604171902488062,0,0,0.015330377421392339,False,True
93,0,1,0,0.5727569741140991,1,0,0.11940564777490723,False,True
94,0,3,0,0.32143754712239253,1,2,0.04015972542654215,False,True
95,0,3,0,0.7361146016587082,0,0,0.014151057562208049,False,True
96,0,3,0,,0,0,0.015712553569072387,False,True
97,0,1,0,0.8869062578537321,0,0,0.06764049365134761,False,False
98,1,1,0,0.2837396330736366,0,1,0.12366716556464086,False,False
99,1,2,1,0.4219653179190751,0,1,0.044893010197349675,False,True
100,0,2,0,0.4219653179190751,1,0,0.050748620223090936,False,True
101,0,3,1,0.34656948982156316,0,0,0.015411575213749286,False,True
102,0,3,0,,0,0,0.015411575213749286,False,True
103,0,1,0,0.2586076903744659,0,1,0.15085515328815924,False,True
104,0,3,0,0.4093993465694898,0,0,0.016891873428256675,False,True
105,0,3,0,0.4596632319678311,2,0,0.015468569817999833,False,True
106,0,3,0,0.34656948982156316,0,0,0.015411575213749286,False,True
107,1,3,1,0.2586076903744659,0,0,0.014931805565640218,False,True
108,1,3,0,,0,0,0.015175789316712771,False,True
109,0,3,0,0.4722292033174164,0,0,0.015411575213749286,False,True
110,1,3,1,,1,0,0.04713766070721715,True,False
111,0,1,0,0.5853229454636844,0,0,0.10149724044618187,False,True
112,0,3,1,0.17692887660216136,1,0,0.028212719478023115,False,False
113,0,3,0,0.2711736617240512,0,0,0.015712553569072387,False,True
114,0,3,1,0.24604171902488062,1,0,0.019177122834302632,False,True
115,0,3,1,0.20834380497612465,0,0,0.028220722145058292,False,False
116,0,3,0,0.2586076903744659,0,0,0.015468569817999833,False,True
117,0,3,0,0.8806232721789394,0,0,0.015126992566498259,True,False
118,0,2,0,0.35913546117114853,1,0,0.04098927018018883,False,True
119,0,1,0,0.2963056044232219,0,1,0.4831284260198326,False,False
120,0,3,1,0.01985423473234481,4,2,0.06104473451835265,False,True
121,0,2,0,0.2586076903744659,2,0,0.1434624456306609,False,True
122,0,3,0,,0,0,0.015712553569072387,False,True
123,0,2,0,0.40311636089469716,1,0,0.058694292654020104,False,False
124,1,2,1,0.40311636089469716,0,0,0.025374310111545468,False,True
125,0,1,0,0.6732847449107816,0,1,0.15085515328815924,False,True
126,1,3,0,0.14551394822819805,1,0,0.021942337075458514,False,False
127,0,3,0,,0,0,0.015126992566498259,True,False
128,1,3,0,0.2963056044232219,0,0,0.01393967004027879,False,True
129,1,3,1,,1,1,0.04364049521284362,False,False
130,0,3,0,0.5601910027645137,0,0,0.013614293309848433,False,True
131,0,3,0,0.4093993465694898,0,0,0.015411575213749286,False,False
132,0,3,0,0.24604171902488062,0,0,0.013760683560491965,False,True
133,0,3,1,0.5853229454636844,1,0,0.028302115124416098,False,True
134,1,2,1,0.35913546117114853,1,0,0.050748620223090936,False,True
135,0,2,0,0.3088715757728072,0,0,0.025374310111545468,False,True
136,0,2,0,0.2837396330736366,0,0,0.02936744577509929,False,False
137,1,1,1,0.2334757476752953,0,2,0.051301584996521765,False,True
138,0,1,0,0.4596632319678311,1,0,0.10364429745562033,False,True
139,0,3,0,0.19577783362653933,0,0,0.01798980030808316,False,True
140,0,1,0,0.2963056044232219,0,0,0.15458810467956932,False,False
141,0,3,1,,0,2,0.029757819776815374,False,False
142,1,3,1,0.2711736617240512,0,0,0.015126992566498259,False,True
143,1,3,1,0.2963056044232219,1,0,0.030937139635999665,False,True
144,0,3,0,0.2334757476752953,0,0,0.013175122557917838,True,False
145,0,2,0,0.22090977632571,0,0,0.022446505098674838,False,True
146,0,2,0,0.2334757476752953,1,1,0.07173122281533045,False,True
147,1,3,0,0.33400351847197784,0,0,0.015216388212891242,False,True
148,0,3,1,0.10781603417944208,2,2,0.06709553154495196,False,True
149,0,2,0,0.4533802462930384,0,2,0.050748620223090936,False,True
150,0,2,0,0.5224930887157577,0,0,0.025374310111545468,False,True
151,0,2,0,0.6355868308620256,0,0,0.02444717185746977,False,True
152,1,1,1,0.2711736617240512,1,0,0.12999454257145598,False,True
153,0,3,0,0.6921337019351597,0,0,0.015712553569072387,False,True
154,0,3,0,0.5036441316913798,0,2,0.028302115124416098,False,True
155,0,3,0,,0,0,0.014273049437744325,False,True
156,0,1,0,0.6355868308620256,0,1,0.11980421963065935,False,False
157,1,3,1,0.19577783362653933,0,0,0.015094396337354966,True,False
158,0,3,0,0.37170143252073384,0,0,0.015712553569072387,False,True
159,0,3,0,,0,0,0.016908073949327893,False,True
160,0,3,0,,8,2,0.13575255909676825,False,True
161,0,3,0,0.5476250314149284,0,1,0.031425107138144774,False,True
162,1,2,1,0.49736114601658704,0,0,0.030741952635141623,False,True
163,0,3,0,0.32143754712239253,0,0,0.015175789316712771,False,True
164,0,3,0,0.20834380497612465,0,0,0.016908073949327893,False,True
165,0,3,0,0.007288263382759488,4,1,0.07746484096553544,False,True
166,1,3,0,0.10781603417944208,0,2,0.04006213192611313,False,True
167,1,1,1,,0,1,0.10735285047192313,False,True
168,0,3,1,0.5601910027645137,1,4,0.05445717323939373,False,True
169,0,1,0,,0,0,0.050602229972447406,False,True
170,0,3,0,0.34656948982156316,0,0,0.11027245763075773,False,True
171,0,1,0,0.7612465443578789,0,0,0.06538764528744409,False,True
172,0,3,0,0.04498617743151546,4,1,0.05684821399990475,True,False
173,1,3,1,0.007288263382759488,1,1,0.021730754366528396,False,True
174,0,3,0,0.2586076903744659,0,0,0.015468569817999833,False,True
175,0,1,0,0.6984166876099522,0,0,0.05991421140938287,False,False
176,0,3,0,0.22090977632571,1,1,0.015330377421392339,False,True
177,0,3,0,,3,1,0.049707687947515,False,True
178,0,1,1,0.6230208595124404,0,0,0.05604306762136532,False,False
179,0,2,0,0.37170143252073384,0,0,0.025374310111545468,False,True
180,0,3,0,0.4470972606182458,0,0,0.0,False,True
181,0,3,1,,8,2,0.13575255909676825,False,True
182,0,2,0,,0,0,0.02937564362913533,False,False
183,0,3,0,0.10781603417944208,4,2,0.06126431989431795,False,True
184,1,2,0,0.007288263382759488,2,1,0.07612293033463641,False,True
185,1,3,1,0.04498617743151546,0,2,0.04298993693898376,False,True
186,0,1,0,,0,0,0.09759350042902103,False,True
187,1,3,1,,1,0,0.030253985132996517,True,False
188,1,1,0,0.5601910027645137,0,0,0.051822148727810165,False,True
189,0,3,0,0.49736114601658704,1,1,0.030253985132996517,True,False
190,0,3,0,0.4470972606182458,0,0,0.015411575213749286,False,True
191,1,2,1,0.39683337521990447,0,0,0.025374310111545468,False,True
192,0,2,0,0.2334757476752953,0,0,0.025374310111545468,False,True
193,1,3,1,0.2334757476752953,1,0,0.015330377421392339,False,True
194,1,2,0,0.032420206081930136,1,1,0.050748620223090936,False,True
195,1,1,1,0.5476250314149284,0,0,0.05410739813385612,False,False
196,1,1,1,0.723548630309123,0,0,0.2859895551532101,False,False
197,0,3,0,,0,0,0.015126992566498259,True,False
198,0,3,0,0.5224930887157577,0,1,0.01640390592611157,False,True
199,1,3,1,,0,0,0.015126992566498259,True,False
200,0,2,1,0.2963056044232219,0,0,0.025374310111545468,False,True
201,0,3,0,0.34656948982156316,0,0,0.018542765081513996,False,True
202,0,3,0,,8,2,0.13575255909676825,False,True
203,0,3,0,0.4219653179190751,0,0,0.012678957201736696,False,True
204,0,3,0,0.5664739884393064,0,0,0.014102260811993537,False,False
205,1,3,0,0.22090977632571,0,0,0.015712553569072387,False,True
206,0,3,1,0.01985423473234481,0,1,0.02042143996477265,False,True
207,0,3,0,0.39683337521990447,1,0,0.030937139635999665,False,True
208,1,3,0,0.32143754712239253,0,0,0.036670757786204655,False,False
209,1,3,1,0.19577783362653933,0,0,0.015126992566498259,True,False
210,1,1,0,0.49736114601658704,0,0,0.060507970265993034,False,False
211,0,3,0,0.2963056044232219,0,0,0.013760683560491965,False,True
212,1,2,1,0.4345312892686604,0,0,0.04098927018018883,False,True
213,0,3,0,0.2711736617240512,0,0,0.014151057562208049,False,True
214,0,2,0,0.37170143252073384,0,0,0.025374310111545468,False,True
215,0,3,0,,1,0,0.015126992566498259,True,False
216,1,1,1,0.38426740387031916,1,0,0.22109807522194713,False,False
217,1,3,1,0.33400351847197784,0,0,0.015468569817999833,False,True
218,0,2,0,0.5224930887157577,1,0,0.05270049023167135,False,True
219,1,1,1,0.39683337521990447,0,0,0.14891148113361488,False,False
220,0,2,0,0.37170143252073384,0,0,0.020494635090094415,False,True
221,1,3,0,0.19577783362653933,0,0,0.015712553569072387,False,True
222,0,2,0,0.33400351847197784,0,0,0.025374310111545468,False,True
223,0,3,0,0.6355868308620256,0,0,0.015712553569072387,False,True
224,0,3,0,,0,0,0.015411575213749286,False,True
225,1,1,0,0.4722292033174164,1,0,0.17566830077223786,False,True
226,0,3,0,0.2711736617240512,0,0,0.018249984580226933,False,True
227,1,2,0,0.2334757476752953,0,0,0.020494635090094415,False,True
228,0,3,0,0.2523247046996733,0,0,0.014151057562208049,False,True
229,0,2,0,0.22090977632571,0,0,0.025374310111545468,False,True
230,0,3,1,,3,1,0.049707687947515,False,True
231,1,1,1,0.4345312892686604,1,0,0.16293234896625058,False,True
232,0,3,0,0.35913546117114853,0,0,0.015175789316712771,False,True
233,0,2,0,0.7361146016587082,0,0,0.026350245115835676,False,True
234,1,3,1,0.05755214878110078,4,2,0.06126431989431795,False,True
235,0,2,0,0.2963056044232219,0,0,0.020494635090094415,False,True
236,0,3,1,,0,0,0.014736618564782174,False,True
237,0,2,0,0.5476250314149284,1,0,0.050748620223090936,False,True
238,1,2,1,0.09525006282985675,0,2,0.05123658772523604,False,True
239,0,2,0,0.2334757476752953,0,0,0.020494635090094415,False,True
240,0,2,0,0.4093993465694898,0,0,0.023959204355324663,False,True
241,0,3,1,,1,0,0.028212719478023115,False,False
242,1,3,1,,1,0,0.030253985132996517,True,False
243,0,2,0,0.35913546117114853,0,0,0.020494635090094415,False,True
244,0,3,0,0.2711736617240512,0,0,0.013907073811135496,False,True
245,0,3,0,0.37170143252073384,0,0,0.014102260811993537,False,False
246,0,1,0,0.5476250314149284,2,0,0.17566830077223786,True,False
247,0,3,1,0.3088715757728072,0,0,0.015175789316712771,False,True
248,1,2,1,0.2963056044232219,0,2,0.028302115124416098,False,True
249,1,1,0,0.4596632319678311,1,1,0.10257896680493714,False,True
250,0,2,0,0.6732847449107816,1,0,0.050748620223090936,False,True
251,0,3,0,,0,0,0.014151057562208049,False,True
252,0,3,1,0.35913546117114853,1,1,0.02042143996477265,False,True
253,0,1,0,0.7738125157074642,0,0,0.051822148727810165,False,True
254,0,3,0,0.37170143252073384,1,0,0.031425107138144774,False,True
255,0,3,1,0.5099271173661725,0,2,0.039452172548431745,False,True
256,1,3,1,0.35913546117114853,0,2,0.029757819776815374,False,False
257,1,1,1,,0,0,0.15458810467956932,False,False
258,1,1,1,0.37170143252073384,0,0,0.16883675574220638,False,True
259,1,1,1,0.4345312892686604,0,0,1.0,False,False
260,1,2,1,0.6230208595124404,0,1,0.050748620223090936,False,True
261,0,3,0,,0,0,0.015126992566498259,True,False
262,1,3,0,0.032420206081930136,4,2,0.06126431989431795,False,True
263,0,1,0,0.648152802211611,1,1,0.1554664461834305,False,True
264,0,1,0,0.49736114601658704,0,0,0.0,False,True
265,0,3,1,,0,0,0.015126992566498259,True,False
266,0,2,0,0.4470972606182458,0,0,0.020494635090094415,False,True
267,0,3,0,0.19577783362653933,4,1,0.07746484096553544,False,True
268,1,3,0,0.3088715757728072,1,0,0.015175789316712771,False,True
269,1,1,1,0.723548630309123,0,1,0.2995388511917728,False,True
270,1,1,1,0.4345312892686604,0,0,0.2647385704347907,False,True
271,0,1,0,,0,0,0.060507970265993034,False,True
272,1,3,0,0.3088715757728072,0,0,0.0,False,True
273,1,2,1,0.5099271173661725,0,1,0.038061465167318204,False,True
274,0,1,0,0.4596632319678311,0,1,0.057970539254838485,False,False
275,1,3,1,,0,0,0.015126992566498259,True,False
276,1,1,1,0.7863784870570495,1,0,0.15216446768991498,False,True
277,0,3,1,0.5601910027645137,0,0,0.015126992566498259,False,True
278,0,2,0,,0,0,0.0,False,True
279,0,3,0,0.08268409148027142,4,1,0.05684821399990475,True,False
280,1,3,1,0.4345312892686604,1,1,0.03952536767375352,False,True
281,0,3,0,0.8115104297562202,0,0,0.015126992566498259,True,False
282,0,3,0,0.34656948982156316,0,0,0.015330377421392339,False,True
283,0,3,0,0.19577783362653933,0,0,0.018542765081513996,False,True
284,1,3,0,0.2334757476752953,0,0,0.015712553569072387,False,True
285,0,1,0,,0,0,0.050748620223090936,False,True
286,0,3,0,0.4093993465694898,0,0,0.016908073949327893,False,False
287,1,3,0,0.37170143252073384,0,0,0.018542765081513996,False,True
288,0,3,0,0.2711736617240512,0,0,0.015411575213749286,False,True
289,1,2,0,0.5224930887157577,0,0,0.025374310111545468,False,True
290,1,3,1,0.2711736617240512,0,0,0.015126992566498259,True,False
291,1,1,1,0.32143754712239253,0,0,0.15390495017656614,False,True
292,1,1,1,0.2334757476752953,1,0,0.17777475888549785,False,False
293,0,2,0,0.4470972606182458,0,0,0.025130326360472913,False,False
294,0,3,1,0.2963056044232219,0,0,0.01727404957593672,False,True
295,0,3,0,0.2963056044232219,0,0,0.015411575213749286,False,True
296,0,1,0,,0,0,0.05410739813385612,False,False
297,0,3,0,0.2900226187484292,0,0,0.014110458666029575,False,False
298,0,1,1,0.01985423473234481,1,2,0.29580589980036276,False,True
299,1,1,0,,0,0,0.05953203526170282,False,True
300,1,1,1,0.6230208595124404,0,1,0.4831284260198326,False,False
301,1,3,1,,0,0,0.015126992566498259,True,False
302,1,3,0,,2,0,0.04538097769949478,True,False
303,0,3,0,0.2334757476752953,0,0,0.0,False,True
304,1,2,1,,0,0,0.024105594605968193,True,False
305,0,3,0,,0,0,0.015712553569072387,False,True
306,1,1,0,0.006282985674792663,1,2,0.29580589980036276,False,True
307,1,1,1,,0,0,0.21642978772242535,False,False
308,1,1,1,0.20834380497612465,1,0,0.2125586439344078,False,False
309,0,2,0,0.37170143252073384,1,0,0.04684488020593009,False,False
310,1,1,1,0.37170143252073384,0,0,0.11111839809247648,False,False
311,1,1,1,0.2963056044232219,0,0,0.16231419173453318,False,False
312,1,1,1,0.22090977632571,2,2,0.5121218935012878,False,False
313,0,2,1,0.32143754712239253,1,1,0.050748620223090936,False,True
314,0,3,0,0.34656948982156316,0,0,0.015411575213749286,False,True
315,0,2,0,0.5350590600653431,1,1,0.05123658772523604,False,True
316,1,3,1,0.32143754712239253,0,0,0.015330377421392339,False,True
317,1,2,1,0.2963056044232219,1,0,0.050748620223090936,False,True
318,0,2,0,0.6732847449107816,0,0,0.027326180120125887,False,True
319,1,1,1,0.38426740387031916,0,2,0.32179836714362564,False,True
320,1,1,1,0.49736114601658704,1,1,0.2625265161540666,False,False
321,0,3,0,0.2711736617240512,0,0,0.014151057562208049,False,True
322,0,3,0,0.33400351847197784,0,0,0.015411575213749286,False,True
323,1,2,1,0.37170143252073384,0,0,0.024105594605968193,True,False
324,1,2,1,0.2711736617240512,1,1,0.056604230248832196,False,True
325,0,3,0,,8,2,0.13575255909676825,False,True
326,1,1,1,0.4470972606182458,0,0,0.2647385704347907,False,False
327,0,3,0,0.7612465443578789,0,0,0.012174789178520372,False,True
328,1,2,1,0.4470972606182458,0,0,0.025374310111545468,False,True
329,1,3,1,0.38426740387031916,1,1,0.04006213192611313,False,True
330,1,1,1,0.19577783362653933,0,1,0.11316786160148591,False,False
331,1,3,1,,2,0,0.04538097769949478,True,False
332,0,1,0,0.5664739884393064,0,0,0.055628295244541985,False,True
333,0,1,0,0.4722292033174164,0,1,0.2995388511917728,False,True
334,0,3,0,0.19577783362653933,2,0,0.03513366015444757,False,True
335,1,1,1,,1,0,0.2608674266467732,False,True
336,0,3,0,,0,0,0.015411575213749286,False,True
337,0,1,0,0.35913546117114853,1,0,0.12999454257145598,False,True
338,1,1,1,0.5099271173661725,0,0,0.2625265161540666,False,False
339,1,3,0,0.5601910027645137,0,0,0.015712553569072387,False,True
340,0,1,0,0.5601910027645137,0,0,0.06929138530460494,False,True
341,1,2,0,0.01985423473234481,1,1,0.050748620223090936,False,True
342,1,1,1,0.2963056044232219,3,2,0.5133418122566507,False,True
343,0,2,0,0.34656948982156316,0,0,0.025374310111545468,False,True
344,0,2,0,0.3088715757728072,0,0,0.025374310111545468,False,True
345,0,2,0,0.4470972606182458,0,0,0.025374310111545468,False,True
346,1,2,1,0.2963056044232219,0,0,0.025374310111545468,False,True
347,1,2,1,0.49736114601658704,0,0,0.025374310111545468,False,True
348,1,3,1,,1,0,0.031425107138144774,False,True
349,1,3,0,0.032420206081930136,1,1,0.031034733136428686,False,True
350,0,3,0,0.5224930887157577,0,0,0.016908073949327893,False,True
351,0,3,0,0.2837396330736366,0,0,0.01800600082915438,False,True
352,0,1,0,,0,0,0.06831545030031472,False,True
353,0,3,0,0.18321186227695402,1,1,0.014110458666029575,False,False
354,0,3,0,0.3088715757728072,1,0,0.034743286152731485,False,True
355,0,3,0,,0,0,0.014102260811993537,False,False
356,0,3,0,0.34656948982156316,0,0,0.018542765081513996,False,True
357,1,1,1,0.2711736617240512,0,1,0.10735285047192313,False,True
358,0,2,1,0.4722292033174164,0,0,0.025374310111545468,False,True
359,1,3,1,,0,0,0.01537917417160685,True,False
360,1,3,1,,0,0,0.01537917417160685,True,False
361,0,3,0,0.49736114601658704,1,4,0.05445717323939373,False,True
362,0,2,0,0.35913546117114853,1,0,0.05410739813385612,False,False
363,0,3,1,0.5601910027645137,0,1,0.028212719478023115,False,False
364,0,3,0,0.4345312892686604,0,0,0.013760683560491965,False,True
365,0,3,0,,1,0,0.030253985132996517,True,False
366,0,3,0,0.37170143252073384,0,0,0.014151057562208049,False,True
367,1,1,1,0.7486805730082936,1,0,0.14687821814567664,False,False
368,1,3,1,,0,0,0.014110458666029575,False,False
369,1,3,1,,0,0,0.015126992566498259,True,False
370,1,1,1,0.2963056044232219,0,0,0.13526459159462315,False,False
371,1,1,0,0.3088715757728072,1,0,0.1082149914547131,False,False
372,0,3,0,0.22090977632571,1,0,0.012678957201736696,False,True
373,0,3,0,0.2334757476752953,0,0,0.015712553569072387,False,True
374,0,1,0,0.2711736617240512,0,0,0.2647385704347907,False,False
375,0,3,1,0.032420206081930136,3,1,0.04113566043083236,False,True
376,1,1,1,,1,0,0.16038672010106003,False,False
377,1,3,1,0.2711736617240512,0,0,0.014151057562208049,False,True
378,0,1,0,0.33400351847197784,0,2,0.41282050681475896,False,False
379,0,3,0,0.24604171902488062,0,0,0.007831878409428937,False,False
380,0,3,0,0.2334757476752953,0,0,0.015175789316712771,False,True
381,1,1,1,0.5224930887157577,0,0,0.4440992237022602,False,False
382,1,3,1,0.007288263382759488,0,2,0.030725752114070404,False,False
383,0,3,0,0.39683337521990447,0,0,0.015468569817999833,False,True
384,1,1,1,0.4345312892686604,1,0,0.10149724044618187,False,True
385,0,3,0,,0,0,0.015411575213749286,False,True
386,0,2,0,0.22090977632571,0,0,0.1434624456306609,False,True
387,0,3,0,0.007288263382759488,5,2,0.09154270340242172,False,True
388,1,2,1,0.4470972606182458,0,0,0.025374310111545468,False,True
389,0,3,0,,0,0,0.015086393670319786,True,False
390,1,2,1,0.20834380497612465,0,0,0.023422440102965045,False,False
391,1,1,0,0.4470972606182458,1,2,0.23422440102965048,False,True
392,1,3,0,0.2586076903744659,0,0,0.015216388212891242,False,True
393,0,3,0,0.34656948982156316,2,0,0.015468569817999833,False,True
394,1,1,1,0.2837396330736366,1,0,0.22109807522194713,False,False
395,1,3,1,0.2963056044232219,0,2,0.03259622914329302,False,True
396,0,3,0,0.2711736617240512,0,0,0.015216388212891242,False,True
397,0,3,1,0.38426740387031916,0,0,0.015330377421392339,False,True
398,0,2,0,0.5727569741140991,0,0,0.050748620223090936,False,True
399,0,2,0,0.2837396330736366,0,0,0.020494635090094415,False,True
400,1,2,1,0.34656948982156316,0,0,0.02469115560854232,False,True
401,1,3,0,0.4847951746670017,0,0,0.015468569817999833,False,True
402,0,3,0,0.32143754712239253,0,0,0.015712553569072387,False,True
403,0,3,1,0.2586076903744659,1,0,0.019177122834302632,False,True
404,0,3,0,0.34656948982156316,1,0,0.030937139635999665,False,True
405,0,3,1,0.24604171902488062,0,0,0.016908073949327893,False,True
406,0,2,0,0.4219653179190751,1,0,0.04098927018018883,False,True
407,0,3,0,0.6355868308620256,0,0,0.015126992566498259,False,True
408,1,2,0,0.032420206081930136,1,1,0.03659756266088288,False,True
409,0,3,0,0.2586076903744659,0,0,0.015175789316712771,False,True
410,0,3,1,,3,1,0.049707687947515,False,True
411,0,3,0,,0,0,0.015411575213749286,False,True
412,0,3,0,,0,0,0.013386510079847098,True,False
413,1,1,1,0.4093993465694898,1,0,0.17566830077223786,True,False
414,0,2,0,,0,0,0.0,False,True
415,1,3,0,0.5476250314149284,0,0,0.015468569817999833,False,True
416,0,3,1,,0,0,0.015712553569072387,False,True
417,1,2,1,0.4219653179190751,1,1,0.06343577527886367,False,True
418,1,2,1,0.22090977632571,0,2,0.025374310111545468,False,True
419,0,2,0,0.37170143252073384,0,0,0.025374310111545468,False,True
420,0,3,1,0.12038200552902739,0,2,0.04713766070721715,False,True
421,0,3,0,,0,0,0.015411575213749286,False,False
422,0,3,0,0.2586076903744659,0,0,0.015094396337354966,True,False
423,0,3,0,0.35913546117114853,0,0,0.015370976317570811,False,True
424,0,3,1,0.34656948982156316,1,1,0.028106928123558056,False,True
425,0,3,0,0.22090977632571,1,1,0.039452172548431745,False,True
426,0,3,0,,0,0,0.014151057562208049,False,True
427,1,2,1,0.34656948982156316,1,0,0.050748620223090936,False,True
428,1,2,1,0.2334757476752953,0,0,0.050748620223090936,False,True
429,0,3,0,,0,0,0.015126992566498259,True,False
430,1,3,0,0.39683337521990447,0,0,0.015712553569072387,False,True
431,1,1,0,0.34656948982156316,0,0,0.051822148727810165,False,True
432,1,3,1,,1,0,0.031425107138144774,False,True
433,1,2,1,0.5224930887157577,1,0,0.050748620223090936,False,True
434,0,3,0,0.20834380497612465,0,0,0.013907073811135496,False,True
435,0,1,0,0.6230208595124404,1,0,0.1091095334796455,False,True
436,1,1,1,0.17064589092736868,1,2,0.23422440102965048,False,True
437,0,3,1,0.2586076903744659,2,2,0.06709553154495196,False,True
438,1,2,1,0.2963056044232219,2,3,0.03659756266088288,False,True
439,0,1,0,0.7989444584066349,1,4,0.5133418122566507,False,True
440,0,2,0,0.38426740387031916,0,0,0.020494635090094415,False,True
441,1,2,1,0.5601910027645137,1,1,0.05123658772523604,False,True
442,0,3,0,0.24604171902488062,0,0,0.018542765081513996,False,True
443,0,3,0,0.3088715757728072,1,0,0.015175789316712771,False,True
444,1,2,1,0.34656948982156316,0,0,0.025374310111545468,False,True
445,1,3,0,,0,0,0.015834545444608664,False,True
446,1,1,0,0.04498617743151546,0,2,0.15977676072337862,False,True
447,1,2,1,0.15807991957778336,0,1,0.038061465167318204,False,True
448,1,1,0,0.4219653179190751,0,0,0.051822148727810165,False,True
449,1,3,1,0.05755214878110078,2,1,0.03758969818624431,False,False
450,1,1,0,0.648152802211611,0,0,0.05953203526170282,False,True
451,0,2,0,0.4470972606182458,1,2,0.05416439273810667,False,True
452,0,3,0,,1,0,0.03897240290032268,False,True
453,0,1,0,0.37170143252073384,0,0,0.05416439273810667,False,False
454,1,1,0,0.610454888162855,1,0,0.17391981561855152,False,False
455,0,3,0,,0,0,0.015712553569072387,False,True
456,1,3,0,0.35913546117114853,0,0,0.015411575213749286,False,False
457,0,1,0,0.8115104297562202,0,0,0.051822148727810165,False,True
458,1,1,1,,1,0,0.10122885832000206,False,True
459,1,2,1,0.6230208595124404,0,0,0.020494635090094415,False,True
460,0,3,0,,0,0,0.015126992566498259,True,False
461,1,1,0,0.5978889168132697,0,0,0.051822148727810165,False,True
462,0,3,0,0.4219653179190751,0,0,0.015712553569072387,False,True
463,0,1,0,0.5853229454636844,0,0,0.07514699533034619,False,True
464,0,2,0,0.5978889168132697,0,0,0.025374310111545468,False,True
465,0,3,0,,0,0,0.015712553569072387,False,True
466,0,3,0,0.4722292033174164,0,0,0.013760683560491965,False,True
467,0,2,0,,0,0,0.0,False,True
468,0,1,0,0.6984166876099522,0,0,0.051822148727810165,False,True
469,0,3,0,,0,0,0.015078195816283748,True,False
470,1,3,1,0.0041467705453631576,2,1,0.03758969818624431,False,False
471,0,3,0,,0,0,0.014151057562208049,False,True
472,0,3,0,0.4722292033174164,0,0,0.016908073949327893,False,True
473,1,2,1,0.4093993465694898,1,2,0.05416439273810667,False,True
474,1,2,1,0.2837396330736366,0,0,0.026919605597338588,False,False
475,0,3,1,0.2711736617240512,0,0,0.019201521209409888,False,True
476,0,1,0,,0,0,0.10149724044618187,False,True
477,0,2,0,0.4219653179190751,1,0,0.04098927018018883,False,True
478,0,3,0,0.35913546117114853,1,0,0.013752485706455927,False,True
479,0,3,0,0.2711736617240512,0,0,0.014679623960531627,False,True
480,1,3,1,0.01985423473234481,0,1,0.023983602730431916,False,True
481,0,3,0,0.10781603417944208,5,2,0.09154270340242172,False,True
482,0,2,0,,0,0,0.0,False,True
483,0,3,0,0.6230208595124404,0,0,0.015712553569072387,False,True
484,1,3,1,0.7863784870570495,0,0,0.018713553707264782,False,True
485,1,1,0,0.3088715757728072,1,0,0.17777475888549785,False,False
486,0,3,1,,3,1,0.049707687947515,False,True
487,1,1,1,0.4345312892686604,1,0,0.17566830077223786,False,True
488,0,1,0,0.723548630309123,0,0,0.057970539254838485,False,False
489,0,3,0,0.37170143252073384,0,0,0.015712553569072387,False,True
490,1,3,0,0.10781603417944208,1,1,0.031034733136428686,False,True
491,0,3,0,,1,0,0.03897240290032268,False,True
492,0,3,0,0.2586076903744659,0,0,0.014151057562208049,False,True
493,0,1,0,0.685850716260367,0,0,0.05953203526170282,False,True
494,0,1,0,0.8869062578537321,0,0,0.09662576327876685,False,False
495,0,3,0,0.2586076903744659,0,0,0.015712553569072387,False,True
496,0,3,0,,0,0,0.028220722145058292,False,False
497,1,1,1,0.6732847449107816,1,0,0.1527664244005612,False,False
498,0,3,0,,0,0,0.029473237129564348,False,True
499,0,1,1,0.3088715757728072,1,2,0.29580589980036276,False,True
500,0,3,0,0.2963056044232219,0,0,0.015216388212891242,False,True
501,0,3,0,0.20834380497612465,0,0,0.016908073949327893,False,True
502,0,3,1,0.2586076903744659,0,0,0.015126992566498259,True,False
503,0,3,1,,0,0,0.014891206669461744,True,False
504,0,3,1,0.4596632319678311,0,0,0.018713553707264782,False,True
505,1,1,1,0.19577783362653933,0,0,0.16883675574220638,False,True
506,0,1,0,0.22090977632571,1,0,0.2125586439344078,False,False
507,1,2,1,0.4093993465694898,0,2,0.050748620223090936,False,True
508,1,1,0,,0,0,0.051822148727810165,False,True
509,0,3,0,0.34656948982156316,0,0,0.04396587194327397,False,True
510,1,3,0,0.32143754712239253,0,0,0.11027245763075773,False,True
511,1,3,0,0.35913546117114853,0,0,0.015126992566498259,True,False
512,0,3,0,,0,0,0.015712553569072387,False,True
513,1,1,0,0.4470972606182458,0,0,0.05130978285055781,False,True
514,1,1,1,0.6732847449107816,1,0,0.11594107850967697,False,False
515,0,3,0,0.2963056044232219,0,0,0.014630827210317117,False,True
516,0,1,0,0.5853229454636844,0,0,0.06640417918791278,False,True
517,1,2,1,0.4219653179190751,0,0,0.020494635090094415,False,True
518,0,3,0,,0,0,0.04713766070721715,True,False
519,1,2,1,0.4470972606182458,1,0,0.050748620223090936,False,True
520,0,3,0,0.39683337521990447,0,0,0.015411575213749286,False,True
521,1,1,1,0.37170143252073384,0,0,0.18249984580226933,False,True
522,0,3,0,0.2711736617240512,0,0,0.015411575213749286,False,True
523,0,3,0,,0,0,0.014102260811993537,False,False
524,1,1,1,0.5476250314149284,0,1,0.11316786160148591,False,False
525,0,3,0,,0,0,0.014110458666029575,False,False
526,0,3,0,0.5036441316913798,0,0,0.015126992566498259,True,False
527,1,2,1,0.6230208595124404,0,0,0.020494635090094415,False,True
528,0,1,0,,0,0,0.4328841690069588,False,True
529,0,3,0,0.4847951746670017,0,0,0.015468569817999833,False,True
530,0,2,0,0.2837396330736366,2,1,0.022446505098674838,False,True
531,1,2,1,0.01985423473234481,1,1,0.050748620223090936,False,True
532,0,3,0,,0,0,0.014110458666029575,False,False
533,0,3,0,0.20834380497612465,1,1,0.014110458666029575,False,False
534,1,3,1,,0,2,0.04364049521284362,False,False
535,0,3,1,0.37170143252073384,0,0,0.016908073949327893,False,True
536,1,2,1,0.08268409148027142,0,2,0.05123658772523604,False,True
537,0,1,0,0.5601910027645137,0,0,0.051822148727810165,False,True
538,1,1,1,0.37170143252073384,0,0,0.20772776566317125,False,False
539,0,3,0,,0,0,0.028302115124416098,False,True
540,1,1,1,0.2711736617240512,0,2,0.09661756542473082,False,False
541,1,1,1,0.4470972606182458,0,2,0.13858277060920987,False,True
542,0,3,1,0.10781603417944208,4,2,0.06104473451835265,False,True
543,0,3,1,0.1329479768786127,4,2,0.06104473451835265,False,True
544,1,2,0,0.39683337521990447,1,0,0.050748620223090936,False,True
545,0,1,0,0.6230208595124404,1,0,0.20772776566317125,False,False
546,0,1,0,0.7989444584066349,0,0,0.050748620223090936,False,True
547,1,2,1,0.2334757476752953,1,0,0.050748620223090936,False,True
548,1,2,0,,0,0,0.02705779799394608,False,False
549,0,3,0,0.4093993465694898,1,1,0.04006213192611313,False,True
550,1,2,0,0.09525006282985675,1,1,0.07173122281533045,False,True
551,1,1,0,0.20834380497612465,0,2,0.21642978772242535,False,False
552,0,2,0,0.33400351847197784,0,0,0.050748620223090936,False,True
553,0,3,0,,0,0,0.015281580671177828,True,False
554,1,3,0,0.2711736617240512,0,0,0.014102260811993537,False,False
555,1,3,1,0.2711736617240512,0,0,0.015175789316712771,False,True
556,0,1,0,0.7738125157074642,0,0,0.051822148727810165,False,True
557,1,1,1,0.5978889168132697,1,0,0.07729405233978466,False,False
558,0,1,0,,0,0,0.4440992237022602,False,False
559,1,1,1,0.4847951746670017,1,1,0.1554664461834305,False,True
560,1,3,1,0.4470972606182458,1,0,0.033962538149299316,False,True
561,0,3,0,,0,0,0.015126992566498259,True,False
562,0,3,0,0.49736114601658704,0,0,0.015411575213749286,False,True
563,0,2,0,0.34656948982156316,0,0,0.026350245115835676,False,True
564,0,3,0,,0,0,0.015712553569072387,False,True
565,0,3,1,,0,0,0.015712553569072387,False,True
566,0,3,0,0.2963056044232219,2,0,0.04713766070721715,False,True
567,0,3,0,0.2334757476752953,0,0,0.015411575213749286,False,True
568,0,3,1,0.35913546117114853,0,4,0.04113566043083236,False,True
569,0,3,0,,0,0,0.014110458666029575,False,False
570,1,3,0,0.39683337521990447,0,0,0.015330377421392339,False,True
571,1,2,0,0.7738125157074642,0,0,0.020494635090094415,False,True
572,1,1,1,0.6607187735611963,2,0,0.10048070654571319,False,True
573,1,1,0,0.4470972606182458,0,0,0.051504969851415845,False,True
574,1,3,1,,0,0,0.015126992566498259,True,False
575,0,3,0,0.19577783362653933,0,0,0.015712553569072387,False,True
576,0,3,0,0.2334757476752953,0,0,0.028302115124416098,False,True
577,1,2,1,0.4219653179190751,0,0,0.025374310111545468,False,True
578,1,1,1,0.4847951746670017,1,0,0.1091095334796455,False,True
579,0,3,1,,1,0,0.028220722145058292,False,False
580,1,3,0,0.39683337521990447,0,0,0.015468569817999833,False,True
581,1,2,1,0.3088715757728072,1,1,0.05855610025741262,False,True
582,1,1,1,0.4847951746670017,1,1,0.21642978772242535,False,False
583,0,2,0,0.6732847449107816,0,0,0.050748620223090936,False,True
584,0,1,0,0.4470972606182458,0,0,0.07831878409428937,False,False
585,0,3,0,,0,0,0.017005667449756914,False,False
586,1,1,1,0.22090977632571,0,2,0.1554664461834305,False,True
587,0,2,0,0.5853229454636844,0,0,0.02927805012870631,False,True
588,1,1,0,0.7486805730082936,1,1,0.15458810467956932,False,False
589,0,3,0,0.2711736617240512,0,0,0.015712553569072387,False,True
590,0,3,0,,0,0,0.015712553569072387,False,True
591,0,3,0,0.4345312892686604,0,0,0.013907073811135496,False,True
592,1,1,1,0.648152802211611,1,0,0.1527664244005612,False,False
593,0,3,0,0.5853229454636844,0,0,0.014151057562208049,False,True
594,0,3,1,,0,2,0.015126992566498259,True,False
595,0,2,0,0.4596632319678311,1,0,0.050748620223090936,False,True
596,0,3,0,0.4470972606182458,1,1,0.04713766070721715,False,True
597,1,2,1,,0,0,0.06441171028315387,False,True
598,0,3,0,0.610454888162855,0,0,0.0,False,True
599,0,3,0,,0,0,0.014102260811993537,False,False
600,1,1,0,0.610454888162855,1,0,0.11111839809247648,False,False
601,1,2,1,0.2963056044232219,2,1,0.05270049023167135,False,True
602,0,3,0,,0,0,0.015411575213749286,False,True
603,0,1,0,,0,0,0.08275928836380983,False,True
604,0,3,0,0.5476250314149284,0,0,0.015712553569072387,False,True
605,1,1,0,0.4345312892686604,0,0,0.051822148727810165,False,False
606,0,3,0,0.4470972606182458,1,0,0.030351578633425542,False,True
607,0,3,0,0.37170143252073384,0,0,0.015411575213749286,False,True
608,1,1,0,0.33400351847197784,0,0,0.05953203526170282,False,True
609,1,2,1,0.2711736617240512,1,2,0.08115719346076702,False,False
610,1,1,1,0.49736114601658704,0,0,0.2995388511917728,False,True
611,0,3,1,0.4847951746670017,1,5,0.06104473451835265,False,True
612,0,3,0,,0,0,0.013760683560491965,False,True
613,1,3,1,,1,0,0.030253985132996517,True,False
614,0,3,0,,0,0,0.015126992566498259,True,False
615,0,3,0,0.4345312892686604,0,0,0.015712553569072387,False,True
616,1,2,1,0.2963056044232219,1,2,0.12687155055772734,False,True
617,0,3,0,0.4219653179190751,1,1,0.028106928123558056,False,True
618,0,3,1,0.32143754712239253,1,0,0.031425107138144774,False,True
619,1,2,1,0.04498617743151546,2,1,0.07612293033463641,False,True
620,0,2,0,0.32143754712239253,0,0,0.020494635090094415,False,True
621,0,3,0,0.33400351847197784,1,0,0.028212719478023115,False,False
622,1,1,0,0.5224930887157577,1,0,0.10257896680493714,False,True
623,1,3,0,0.24604171902488062,1,1,0.030725752114070404,False,False
624,0,3,0,0.2586076903744659,0,0,0.015330377421392339,False,True
625,0,3,0,0.2586076903744659,0,0,0.031425107138144774,False,True
626,0,1,0,0.7612465443578789,0,0,0.06308600017332605,False,True
627,0,2,0,0.7109826589595376,0,0,0.024105594605968193,True,False
628,1,1,1,0.2586076903744659,0,0,0.15216446768991498,False,True
629,0,3,0,0.32143754712239253,0,0,0.015411575213749286,False,True
630,0,3,0,,0,0,0.015094396337354966,True,False
631,1,1,0,1.0,0,0,0.05855610025741262,False,True
632,0,3,0,0.6355868308620256,0,0,0.013768881414528002,False,True
633,1,1,0,0.39683337521990447,0,0,0.05953203526170282,False,False
634,0,1,0,,0,0,0.0,False,True
635,0,3,1,0.10781603417944208,3,2,0.05445717323939373,False,True
636,1,2,1,0.34656948982156316,0,0,0.025374310111545468,False,True
637,0,3,0,0.39683337521990447,0,0,0.015468569817999833,False,True
638,0,2,0,0.38426740387031916,1,1,0.05123658772523604,False,True
639,0,3,1,0.5099271173661725,0,5,0.07746484096553544,False,True
640,0,3,0,,1,0,0.031425107138144774,False,True
641,0,3,0,0.24604171902488062,0,0,0.015330377421392339,False,True
642,1,1,1,0.2963056044232219,0,0,0.13526459159462315,False,False
643,0,3,1,0.01985423473234481,3,2,0.05445717323939373,False,True
644,1,3,0,,0,0,0.11027245763075773,False,True
645,1,3,1,0.0041467705453631576,2,1,0.03758969818624431,False,False
646,1,1,0,0.5978889168132697,1,0,0.1497654242623688,False,False
647,0,3,0,0.2334757476752953,0,0,0.015411575213749286,False,True
648,1,1,0,0.6984166876099522,0,0,0.06929138530460494,False,False
649,0,3,0,,0,0,0.014736618564782174,False,True
650,1,3,1,0.2837396330736366,0,0,0.014736618564782174,False,True
651,0,3,0,,0,0,0.015411575213749286,False,True
652,1,2,1,0.22090977632571,0,1,0.044893010197349675,False,True
653,0,3,0,0.2586076903744659,0,0,0.01646070534336126,False,True
654,1,3,1,,0,0,0.015281580671177828,True,False
655,0,3,1,0.22090977632571,0,0,0.013175122557917838,True,False
656,0,2,0,0.2963056044232219,2,0,0.1434624456306609,False,True
657,0,3,0,,0,0,0.015411575213749286,False,True
658,0,3,1,0.39683337521990447,1,1,0.030253985132996517,True,False
659,0,2,0,0.2837396330736366,0,0,0.025374310111545468,False,True
660,0,1,0,0.723548630309123,0,2,0.22109807522194713,False,False
661,1,1,0,0.6230208595124404,2,0,0.2608674266467732,False,True
662,0,3,0,0.49736114601658704,0,0,0.014102260811993537,False,False
663,0,1,0,0.5853229454636844,0,0,0.04994347384455151,False,True
664,0,3,0,0.4470972606182458,0,0,0.014630827210317117,False,True
665,1,3,0,0.24604171902488062,1,0,0.015468569817999833,False,True
666,0,2,0,0.39683337521990447,2,0,0.1434624456306609,False,True
667,0,2,0,0.3088715757728072,0,0,0.025374310111545468,False,True
668,0,3,0,,0,0,0.015175789316712771,False,True
669,0,3,0,0.5350590600653431,0,0,0.015712553569072387,False,True
670,1,1,1,,1,0,0.10149724044618187,False,True
671,1,2,1,0.49736114601658704,1,1,0.07612293033463641,False,True
672,0,1,0,0.38426740387031916,1,0,0.10149724044618187,False,True
673,0,2,0,0.8743402865041467,0,0,0.020494635090094415,False,True
674,1,2,0,0.38426740387031916,0,0,0.025374310111545468,False,True
675,0,2,0,,0,0,0.0,False,True
676,0,3,0,0.22090977632571,0,0,0.015175789316712771,False,True
677,0,3,0,0.30258859009801453,0,0,0.015712553569072387,False,True
678,1,3,1,0.22090977632571,0,0,0.019209719063445922,False,True
679,0,3,1,0.5350590600653431,1,6,0.09154270340242172,False,True
680,1,1,0,0.4470972606182458,0,1,1.0,False,False
681,0,3,1,,0,0,0.01588334219482317,True,False
682,1,1,0,0.33400351847197784,0,0,0.1497654242623688,False,False
683,0,3,0,0.24604171902488062,0,0,0.01800600082915438,False,True
684,0,3,0,0.17064589092736868,5,2,0.09154270340242172,False,True
685,0,2,0,0.7486805730082936,1,1,0.07612293033463641,False,True
686,0,2,0,0.3088715757728072,1,2,0.08115719346076702,False,False
687,0,3,0,0.17064589092736868,4,1,0.07746484096553544,False,True
688,0,3,0,0.2334757476752953,0,0,0.019852079483269742,False,True
689,0,3,0,0.22090977632571,0,0,0.015216388212891242,False,True
690,1,1,1,0.18321186227695402,0,1,0.41250332793836464,False,True
691,1,1,0,0.38426740387031916,1,0,0.11125659048908397,False,True
692,1,3,1,0.04498617743151546,0,1,0.026187654344120927,False,False
693,1,3,0,,0,0,0.11027245763075773,False,True
694,0,3,0,0.3088715757728072,0,0,0.014102260811993537,False,False
695,0,1,0,0.7486805730082936,0,0,0.051822148727810165,False,True
696,0,2,0,0.648152802211611,0,0,0.026350245115835676,False,True
697,0,3,0,0.5476250314149284,0,0,0.015712553569072387,False,True
698,1,3,1,,0,0,0.015094396337354966,True,False
699,0,1,0,0.610454888162855,1,1,0.21642978772242535,False,False
700,0,3,0,0.5224930887157577,0,0,0.014931805565640218,False,True
701,1,1,1,0.22090977632571,1,0,0.4440992237022602,False,False
702,1,1,0,0.4345312892686604,0,0,0.05130978285055781,False,True
703,0,3,1,0.22090977632571,0,1,0.028212719478023115,False,False
704,0,3,0,0.3088715757728072,0,0,0.015110792045427042,True,False
705,0,3,0,0.32143754712239253,1,0,0.015330377421392339,False,True
706,0,2,0,0.4847951746670017,0,0,0.050748620223090936,False,True
707,1,2,1,0.5601910027645137,0,0,0.026350245115835676,False,True
708,1,1,0,0.5224930887157577,0,0,0.05130978285055781,False,True
709,1,1,1,0.2711736617240512,0,0,0.29580589980036276,False,True
710,1,3,0,,1,1,0.029757819776815374,False,False
711,1,1,1,0.2963056044232219,0,0,0.09662576327876685,False,False
712,0,1,0,,0,0,0.051822148727810165,False,True
713,1,1,0,0.5978889168132697,1,0,0.10149724044618187,False,True
714,0,3,0,0.35913546117114853,0,0,0.018510168852370702,False,True
715,0,2,0,0.648152802211611,0,0,0.025374310111545468,False,True
716,0,3,0,0.2334757476752953,0,0,0.014931805565640218,False,True
717,1,1,1,0.4722292033174164,0,0,0.4440992237022602,False,False
718,1,2,1,0.33400351847197784,0,0,0.020494635090094415,False,True
719,0,3,0,,0,0,0.030253985132996517,True,False
720,0,3,0,0.4093993465694898,0,0,0.015175789316712771,False,True
721,1,2,1,0.0701181201306861,0,1,0.06441171028315387,False,True
722,0,3,0,0.20834380497612465,1,0,0.013768881414528002,False,True
723,0,2,0,0.4219653179190751,0,0,0.025374310111545468,False,True
724,0,2,0,0.6230208595124404,0,0,0.025374310111545468,False,True
725,1,1,0,0.33400351847197784,1,0,0.10364429745562033,False,True
726,0,3,0,0.24604171902488062,0,0,0.016908073949327893,False,True
727,1,2,1,0.37170143252073384,3,0,0.04098927018018883,False,True
728,1,3,1,,0,0,0.015102594191391004,True,False
729,0,2,0,0.3088715757728072,1,0,0.050748620223090936,False,True
730,0,3,1,0.3088715757728072,1,0,0.015468569817999833,False,True
731,1,1,1,0.35913546117114853,0,0,0.41250332793836464,False,True
732,0,3,0,0.1329479768786127,0,0,0.036670757786204655,False,False
733,0,2,0,,0,0,0.0,False,True
734,0,2,0,0.2837396330736366,0,0,0.025374310111545468,False,True
735,0,2,0,0.2837396330736366,0,0,0.025374310111545468,False,True
736,0,3,0,0.35285247549635584,0,0,0.031425107138144774,False,True
737,0,3,1,0.5978889168132697,1,3,0.06709553154495196,False,True
738,1,1,0,0.4345312892686604,0,0,1.0,False,False
739,0,3,0,,0,0,0.015411575213749286,False,True
740,0,3,0,,0,0,0.015411575213749286,False,True
741,1,1,0,,0,0,0.05855610025741262,False,True
742,0,1,0,0.4470972606182458,1,0,0.15390495017656614,False,True
743,1,1,1,0.2586076903744659,2,2,0.5121218935012878,False,False
744,0,3,0,0.2963056044232219,1,0,0.031425107138144774,False,True
745,1,3,0,0.38426740387031916,0,0,0.015468569817999833,False,True
746,0,1,0,0.8743402865041467,1,1,0.13858277060920987,False,True
747,0,3,0,0.19577783362653933,1,1,0.03952536767375352,False,True
748,1,2,1,0.37170143252073384,0,0,0.025374310111545468,False,True
749,0,1,0,0.2334757476752953,1,0,0.10364429745562033,False,True
750,0,3,0,0.38426740387031916,0,0,0.015126992566498259,True,False
751,1,2,1,0.04498617743151546,1,1,0.044893010197349675,False,True
752,1,3,0,0.0701181201306861,0,1,0.024349578357040744,False,True
753,0,3,0,0.4093993465694898,0,0,0.018542765081513996,False,True
754,0,3,0,0.2837396330736366,0,0,0.015411575213749286,False,True
755,1,2,1,0.5978889168132697,1,2,0.12687155055772734,False,True
756,1,2,0,0.003141492837396331,1,1,0.028302115124416098,False,True
757,0,3,0,0.34656948982156316,0,0,0.015216388212891242,False,True
758,0,2,0,0.22090977632571,0,0,0.022446505098674838,False,True
759,0,3,0,0.4219653179190751,0,0,0.015712553569072387,False,True
760,1,1,1,0.4093993465694898,0,0,0.16883675574220638,False,True
761,0,3,0,,0,0,0.028302115124416098,False,True
762,0,3,0,0.5099271173661725,0,0,0.013907073811135496,False,True
763,1,3,0,0.24604171902488062,0,0,0.014110458666029575,False,False
764,1,1,1,0.4470972606182458,1,2,0.23422440102965048,False,True
765,0,3,0,0.19577783362653933,0,0,0.015175789316712771,False,True
766,1,1,1,0.6355868308620256,1,0,0.15216446768991498,False,True
767,0,1,0,,0,0,0.07729405233978466,False,False
768,0,3,1,0.3779844181955265,0,0,0.015126992566498259,True,False
769,0,3,0,,1,0,0.04713766070721715,True,False
770,0,3,0,0.39683337521990447,0,0,0.016322512946753766,False,True
771,0,3,0,0.2963056044232219,0,0,0.018542765081513996,False,True
772,0,3,0,0.5978889168132697,0,0,0.015330377421392339,False,True
773,0,2,1,0.7109826589595376,0,0,0.020494635090094415,False,True
774,0,3,0,,0,0,0.014102260811993537,False,False
775,1,2,1,0.6732847449107816,1,3,0.044893010197349675,False,True
776,0,3,0,0.22090977632571,0,0,0.015126992566498259,False,True
777,0,3,0,,0,0,0.015126992566498259,True,False
778,1,3,1,0.05755214878110078,0,0,0.024349578357040744,False,True
779,0,3,0,,0,0,0.015102594191391004,True,False
780,1,1,1,0.5350590600653431,0,1,0.41250332793836464,False,True
781,1,3,1,0.15807991957778336,0,0,0.014110458666029575,False,False
782,1,1,1,0.20834380497612465,1,0,0.11125659048908397,False,True
783,0,1,0,0.35913546117114853,0,0,0.05855610025741262,False,True
784,0,3,0,,1,2,0.04577135170121086,False,True
785,0,3,0,0.3088715757728072,0,0,0.013760683560491965,False,True
786,0,3,0,0.3088715757728072,0,0,0.014151057562208049,False,True
787,1,3,1,0.22090977632571,0,0,0.014630827210317117,False,True
788,0,3,0,0.09525006282985675,4,1,0.05684821399990475,True,False
789,1,3,0,0.007288263382759488,1,2,0.04015972542654215,False,True
790,0,1,0,0.5727569741140991,0,0,0.15458810467956932,False,False
791,0,3,0,,0,0,0.015126992566498259,True,False
792,0,2,0,0.19577783362653933,0,0,0.050748620223090936,False,True
793,0,3,1,,8,2,0.13575255909676825,False,True
794,0,1,0,,0,0,0.05991421140938287,False,False
795,0,3,0,0.3088715757728072,0,0,0.015411575213749286,False,True
796,0,2,0,0.4847951746670017,0,0,0.025374310111545468,False,True
797,1,1,1,0.610454888162855,0,0,0.050610427826483444,False,True
798,1,3,1,0.38426740387031916,0,0,0.016948672845506364,False,True
799,0,3,0,0.37170143252073384,0,0,0.014110458666029575,False,False
800,0,3,1,0.37170143252073384,1,1,0.04713766070721715,False,True
801,0,2,0,0.4219653179190751,0,0,0.025374310111545468,False,True
802,1,2,1,0.38426740387031916,1,1,0.05123658772523604,False,True
803,1,1,0,0.1329479768786127,1,2,0.23422440102965048,False,True
804,1,3,0,0.0,0,1,0.016623491302076868,False,False
805,1,3,0,0.33400351847197784,0,0,0.013614293309848433,False,True
806,0,3,0,0.38426740387031916,0,0,0.015175789316712771,False,True
807,0,1,0,0.4847951746670017,0,0,0.0,False,True
808,0,3,1,0.22090977632571,0,0,0.015175789316712771,False,True
809,0,2,0,0.4847951746670017,0,0,0.025374310111545468,False,True
810,1,1,1,0.4093993465694898,1,0,0.10364429745562033,False,True
811,0,3,0,0.32143754712239253,0,0,0.015395374692678068,False,True
812,0,3,0,0.4847951746670017,0,0,0.04713766070721715,False,True
813,0,2,0,0.4345312892686604,0,0,0.020494635090094415,False,True
814,0,3,1,0.0701181201306861,4,2,0.06104473451835265,False,True
815,0,3,0,0.3779844181955265,0,0,0.015712553569072387,False,True
816,0,1,0,,0,0,0.0,False,True
817,0,3,1,0.2837396330736366,0,0,0.015468569817999833,False,True
818,0,2,0,0.38426740387031916,1,1,0.07222738817151159,False,False
819,0,3,0,0.5350590600653431,0,0,0.012589561555343713,False,True
820,0,3,0,0.12038200552902739,3,2,0.05445717323939373,False,True
821,1,1,1,0.648152802211611,1,1,0.18249984580226933,False,True
822,1,3,0,0.33400351847197784,0,0,0.016908073949327893,False,True
823,0,1,0,0.4722292033174164,0,0,0.0,False,True
824,1,3,1,0.33400351847197784,0,1,0.024349578357040744,False,True
825,0,3,0,0.01985423473234481,4,1,0.07746484096553544,False,True
826,0,3,0,,0,0,0.013565496559633922,True,False
827,0,3,0,,0,0,0.11027245763075773,False,True
828,1,2,0,0.007288263382759488,0,2,0.07222738817151159,False,False
829,1,3,0,,0,0,0.015126992566498259,True,False
830,1,1,1,0.7738125157074642,0,0,0.15614960068643363,False,False
831,1,3,1,0.18321186227695402,1,0,0.028212719478023115,False,False
832,1,2,0,0.005152048253329982,1,1,0.03659756266088288,False,True
833,0,3,0,,0,0,0.014110458666029575,False,False
834,0,3,0,0.2837396330736366,0,0,0.015330377421392339,False,True
835,0,3,0,0.22090977632571,0,0,0.016200521071217493,False,True
836,1,1,1,0.4847951746670017,1,1,0.16231419173453318,False,False
837,0,3,0,0.2586076903744659,0,0,0.016908073949327893,False,True
838,0,3,0,,0,0,0.015712553569072387,False,True
839,1,3,0,0.39683337521990447,0,0,0.11027245763075773,False,True
840,1,1,0,,0,0,0.057970539254838485,False,False
841,0,3,0,0.24604171902488062,0,0,0.015468569817999833,False,True
842,0,2,0,0.19577783362653933,0,0,0.020494635090094415,False,True
843,1,1,1,0.37170143252073384,0,0,0.060507970265993034,False,False
844,0,3,0,0.4282483035938678,0,0,0.012565163180236457,False,False
845,0,3,0,0.20834380497612465,0,0,0.016908073949327893,False,True
846,0,3,0,0.5224930887157577,0,0,0.014736618564782174,False,True
847,0,3,0,,8,2,0.13575255909676825,False,True
848,0,3,0,0.4345312892686604,0,0,0.015411575213749286,False,False
849,0,2,0,0.34656948982156316,0,1,0.06441171028315387,False,True
850,1,1,1,,1,0,0.17391981561855152,False,False
851,0,3,0,0.04498617743151546,4,2,0.06104473451835265,False,True
852,0,3,0,0.9246041719024881,0,0,0.015175789316712771,False,True
853,0,3,1,0.10781603417944208,1,1,0.029757819776815374,False,False
854,1,1,1,0.19577783362653933,0,1,0.07690367833806856,False,True
855,0,2,1,0.5476250314149284,1,0,0.050748620223090936,False,True
856,1,3,1,0.22090977632571,0,1,0.018249984580226933,False,True
857,1,1,1,0.5601910027645137,1,1,0.32179836714362564,False,True
858,1,1,0,0.6355868308620256,0,0,0.051822148727810165,False,True
859,1,3,1,0.2963056044232219,0,3,0.03758969818624431,False,False
860,0,3,0,,0,0,0.014110458666029575,False,False
861,0,3,0,0.5099271173661725,2,0,0.027537567642055148,False,True
862,0,2,0,0.2586076903744659,1,0,0.022446505098674838,False,True
863,1,1,1,0.5978889168132697,0,0,0.050610427826483444,False,True
864,0,3,1,,8,2,0.13575255909676825,False,True
865,0,2,0,0.2963056044232219,0,0,0.025374310111545468,False,True
866,1,2,1,0.5224930887157577,0,0,0.025374310111545468,False,True
867,1,2,1,0.33400351847197784,1,0,0.027049600139910042,False,False
868,0,1,0,0.38426740387031916,0,0,0.09856123757927521,False,True
869,0,3,0,,0,0,0.018542765081513996,False,True
870,1,3,0,0.04498617743151546,1,1,0.021730754366528396,False,True
871,0,3,0,0.32143754712239253,0,0,0.015411575213749286,False,True
872,1,1,1,0.5853229454636844,1,1,0.10257896680493714,False,True
873,0,1,0,0.4093993465694898,0,0,0.009759350042902102,False,True
874,0,3,0,0.5853229454636844,0,0,0.017566830077223785,False,True
875,1,2,1,0.34656948982156316,1,0,0.04684488020593009,False,False
876,1,3,1,0.18321186227695402,0,0,0.014102260811993537,False,False
877,0,3,0,0.24604171902488062,0,0,0.019217721730481106,False,True
878,0,3,0,0.2334757476752953,0,0,0.015411575213749286,False,True
879,0,3,0,,0,0,0.015411575213749286,False,True
880,1,1,1,0.6984166876099522,0,1,0.16231419173453318,False,False
881,1,2,1,0.3088715757728072,0,1,0.050748620223090936,False,True
882,0,3,0,0.4093993465694898,0,0,0.015411575213749286,False,True
883,0,3,1,0.2711736617240512,0,0,0.02052723131923771,False,True
884,0,2,0,0.34656948982156316,0,0,0.020494635090094415,False,True
885,0,3,0,0.3088715757728072,0,0,0.013760683560491965,False,True
886,0,3,1,0.4847951746670017,0,5,0.05684821399990475,True,False
887,0,2,0,0.33400351847197784,0,0,0.025374310111545468,False,True
888,1,1,1,0.2334757476752953,0,0,0.05855610025741262,False,True
889,0,3,1,,1,2,0.04577135170121086,False,True
890,1,1,0,0.32143754712239253,0,0,0.05855610025741262,False,False
891,0,3,0,0.39683337521990447,0,0,0.015126992566498259,True,False
